NUTS_ID,NUTS_NAME,NET_MIGR0111_PC
BE100,Arr. de Bruxelles-Capitale / Arr. van Brussel-Hoofdstad,9
BE211,Arr. Antwerpen,5.2
BE212,Arr. Mechelen,5.8
BE213,Arr. Turnhout,5.5
BE221,Arr. Hasselt,4.5
BE222,Arr. Maaseik,3.2
BE223,Arr. Tongeren,3.3
BE231,Arr. Aalst,5.7
BE232,Arr. Dendermonde,3.6
BE233,Arr. Eeklo,4
BE234,Arr. Gent,5.6
BE235,Arr. Oudenaarde,5.4
BE236,Arr. Sint-Niklaas,4.4
BE241,Arr. Halle-Vilvoorde,5.4
BE242,Arr. Leuven,4.8
BE251,Arr. Brugge,3
BE252,Arr. Diksmuide,4.2
BE253,Arr. Ieper,1.3
BE254,Arr. Kortrijk,0.9
BE255,Arr. Oostende,9.4
BE256,Arr. Roeselare,2.3
BE257,Arr. Tielt,2.3
BE258,Arr. Veurne,10.8
BE310,Arr. Nivelles,6.5
BE321,Arr. Ath,6.6
BE322,Arr. Charleroi,1.4
BE323,Arr. Mons,1.8
BE324,Arr. Mouscron,4
BE325,Arr. Soignies,4.9
BE326,Arr. Thuin,3.4
BE327,Arr. Tournai,4.7
BE331,Arr. Huy,7.9
BE332,Arr. Liège,4.4
BE334,Arr. Waremme,10.9
BE335,Arr. Verviers - communes francophones,3.3
BE336,Bezirk Verviers - Deutschsprachige Gemeinschaft,5.4
BE341,Arr. Arlon,7.9
BE342,Arr. Bastogne,6.7
BE343,Arr. Marche-en-Famenne,5.5
BE344,Arr. Neufchâteau,6.4
BE345,Arr. Virton,5.1
BE351,Arr. Dinant,5.7
BE352,Arr. Namur,5.4
BE353,Arr. Philippeville,6.6
BG311,Vidin,-10.6
BG312,Montana,-8.7
BG313,Vratsa,-16.3
BG314,Pleven,-0.7
BG315,Lovech,-7.3
BG321,Veliko Tarnovo,-1.7
BG322,Gabrovo,-8.2
BG323,Ruse,-3.1
BG324,Razgrad,-16.7
BG325,Silistra,-11.6
BG331,Varna,8.1
BG332,Dobrich,-7.8
BG333,Shumen,-6.4
BG334,Targovishte,-6.3
BG341,Burgas,1.5
BG342,Sliven,-10.5
BG343,Yambol,-12.7
BG344,Stara Zagora,-4.2
BG411,Sofia (stolitsa),5.3
BG412,Sofia,5.8
BG413,Blagoevgrad,-3.8
BG414,Pernik,-2.3
BG415,Kyustendil,-7.1
BG421,Plovdiv,-0.4
BG422,Haskovo,-6.7
BG423,Pazardzhik,-5
BG424,Smolyan,-11.8
BG425,Kardzhali,-25.1
CZ010,Hlavní město Praha,6.9
CZ020,Středočeský kraj,13.2
CZ031,Jihočeský kraj,2.1
CZ032,Plzeňský kraj,4.4
CZ041,Karlovarský kraj,0.3
CZ042,Ústecký kraj,1.2
CZ051,Liberecký kraj,2
CZ052,Královéhradecký kraj,0.9
CZ053,Pardubický kraj,1.7
CZ063,Vysočina,0.1
CZ064,Jihomoravský kraj,1.3
CZ071,Olomoucký kraj,-0.2
CZ072,Zlínský kraj,-0.7
CZ080,Moravskoslezský kraj,-2.2
DK011,Byen København,2.4
DK012,Københavns omegn,1.7
DK013,Nordsjælland,3.5
DK014,Bornholm,-0.3
DK021,Østsjælland,2.7
DK022,Vest- og Sydsjælland,5.1
DK031,Fyn,2.6
DK032,Sydjylland,0.7
DK041,Vestjylland,0.2
DK042,Østjylland,4.4
DK050,Nordjylland,0.3
DE111,"Stuttgart, Stadtkreis",3.4
DE112,Böblingen,-0.1
DE113,Esslingen,1.9
DE114,Göppingen,-0.6
DE115,Ludwigsburg,2.7
DE116,Rems-Murr-Kreis,1.3
DE117,"Heilbronn, Stadtkreis",3.4
DE118,"Heilbronn, Landkreis",2
DE119,Hohenlohekreis,0.8
DE11A,Schwäbisch Hall,1.6
DE11B,Main-Tauber-Kreis,-1
DE11C,Heidenheim,-3.1
DE11D,Ostalbkreis,-0.9
DE121,"Baden-Baden, Stadtkreis",9.4
DE122,"Karlsruhe, Stadtkreis",6.8
DE123,"Karlsruhe, Landkreis",3.6
DE124,Rastatt,3
DE125,"Heidelberg, Stadtkreis",5
DE126,"Mannheim, Stadtkreis",3.2
DE127,Neckar-Odenwald-Kreis,0.2
DE128,Rhein-Neckar-Kreis,3.3
DE129,"Pforzheim, Stadtkreis",3.6
DE12A,Calw,-0.9
DE12B,Enzkreis,0.6
DE12C,Freudenstadt,-0.3
DE131,"Freiburg im Breisgau, Stadtkreis",7.9
DE132,Breisgau-Hochschwarzwald,4
DE133,Emmendingen,4.6
DE134,Ortenaukreis,2.6
DE135,Rottweil,-0.4
DE136,Schwarzwald-Baar-Kreis,-0.3
DE137,Tuttlingen,0.1
DE138,Konstanz,5.9
DE139,Lörrach,3.2
DE13A,Waldshut,1.3
DE141,Reutlingen,0.8
DE142,"Tübingen, Landkreis",3.4
DE143,Zollernalbkreis,-1
DE144,"Ulm, Stadtkreis",4
DE145,Alb-Donau-Kreis,0.9
DE146,Biberach,2
DE147,Bodenseekreis,5
DE148,Ravensburg,2.5
DE149,Sigmaringen,-2.7
DE211,"Ingolstadt, Kreisfreie Stadt",7.3
DE212,"München, Kreisfreie Stadt",9.6
DE213,"Rosenheim, Kreisfreie Stadt",4
DE214,Altötting,1.6
DE215,Berchtesgadener Land,6.3
DE216,Bad Tölz-Wolfratshausen,4.8
DE217,Dachau,6.3
DE218,Ebersberg,7
DE219,Eichstätt,3.1
DE21A,Erding,6.8
DE21B,Freising,5.4
DE21C,Fürstenfeldbruck,5.2
DE21D,Garmisch-Partenkirchen,3.3
DE21E,Landsberg a. Lech,7.2
DE21F,Miesbach,5.5
DE21G,Mühldorf a. Inn,3.9
DE21H,"München, Landkreis",8.3
DE21I,Neuburg-Schrobenhausen,2.6
DE21J,Pfaffenhofen a. d. Ilm,4.5
DE21K,"Rosenheim, Landkreis",6.5
DE21L,Starnberg,4.6
DE21M,Traunstein,3.5
DE21N,Weilheim-Schongau,3.8
DE221,"Landshut, Kreisfreie Stadt",11
DE222,"Passau, Kreisfreie Stadt",4.8
DE223,"Straubing, Kreisfreie Stadt",5.4
DE224,Deggendorf,2.8
DE225,Freyung-Grafenau,-1.5
DE226,Kelheim,3.2
DE227,"Landshut, Landkreis",3.4
DE228,"Passau, Landkreis",2.1
DE229,Regen,-1.5
DE22A,Rottal-Inn,2.1
DE22B,Straubing-Bogen,2.8
DE22C,Dingolfing-Landau,1.2
DE231,"Amberg, Kreisfreie Stadt",3.7
DE232,"Regensburg, Kreisfreie Stadt",8.8
DE233,"Weiden i. d. Opf, Kreisfreie Stadt",1.6
DE234,Amberg-Sulzbach,-1.6
DE235,Cham,0.2
DE236,Neumarkt i. d. OPf.,1.4
DE237,Neustadt a. d. Waldnaab,-1.8
DE238,"Regensburg, Landkreis",4
DE239,Schwandorf,1.9
DE23A,Tirschenreuth,-2.7
DE241,"Bamberg, Kreisfreie Stadt",5.3
DE242,"Bayreuth, Kreisfreie Stadt",1.1
DE243,"Coburg, Kreisfreie Stadt",1
DE244,"Hof, Kreisfreie Stadt",-3.2
DE245,"Bamberg, Landkreis",1.3
DE246,"Bayreuth, Landkreis",0.1
DE247,"Coburg, Landkreis",-1.6
DE248,Forchheim,1.2
DE249,"Hof, Landkreis",-2.2
DE24A,Kronach,-2.6
DE24B,Kulmbach,-1.7
DE24C,Lichtenfels,-0.8
DE24D,Wunsiedel i. Fichtelgebirge,-3.9
DE251,"Ansbach, Kreisfreie Stadt",3.2
DE252,"Erlangen, Kreisfreie Stadt",4.2
DE253,"Fürth, Kreisfreie Stadt",5
DE254,"Nürnberg, Kreisfreie Stadt",5.8
DE255,"Schwabach, Kreisfreie Stadt",4.1
DE256,"Ansbach, Landkreis",-0.7
DE257,Erlangen-Höchstadt,1.6
DE258,"Fürth, Landkreis",3.2
DE259,Nürnberger Land,1.7
DE25A,Neustadt a. d. Aisch-Bad Windsheim,1.1
DE25B,Roth,1.3
DE25C,Weißenburg-Gunzenhausen,-0.7
DE261,"Aschaffenburg, Kreisfreie Stadt",3.3
DE262,"Schweinfurt, Kreisfreie Stadt",2.3
DE263,"Würzburg, Kreisfreie Stadt",7.7
DE264,"Aschaffenburg, Landkreis",-0.1
DE265,Bad Kissingen,-0.8
DE266,Rhön-Grabfeld,-2.8
DE267,Haßberge,-2.2
DE268,Kitzingen,1.1
DE269,Miltenberg,-1.6
DE26A,Main-Spessart,-1
DE26B,"Schweinfurt, Landkreis",-2.2
DE26C,"Würzburg, Landkreis",0
DE271,"Augsburg, Kreisfreie Stadt",5.9
DE272,"Kaufbeuren, Kreisfreie Stadt",3.5
DE273,"Kempten (Allgäu), Kreisfreie Stadt",3.9
DE274,"Memmingen, Kreisfreie Stadt",2.6
DE275,Aichach-Friedberg,3.1
DE276,"Augsburg, Landkreis",1.9
DE277,Dillingen a.d. Donau,0.8
DE278,Günzburg,-0.4
DE279,Neu-Ulm,3.2
DE27A,Lindau (Bodensee),5.8
DE27B,Ostallgäu,2.5
DE27C,Unterallgäu,2.1
DE27D,Donau-Ries,-0.1
DE27E,Oberallgäu,2.9
DE300,Berlin,2.9
DE401,"Brandenburg an der Havel, Kreisfreie Stadt",-3.4
DE402,"Cottbus, Kreisfreie Stadt",-2.8
DE403,"Frankfurt (Oder), Kreisfreie Stadt",-14
DE404,"Potsdam, Kreisfreie Stadt",19
DE405,Barnim,6.6
DE406,Dahme-Spreewald,4.9
DE407,Elbe-Elster,-9.7
DE408,Havelland,7
DE409,Märkisch-Oderland,4.3
DE40A,Oberhavel,8.5
DE40B,Oberspreewald-Lausitz,-11.2
DE40C,Oder-Spree,-3.3
DE40D,Ostprignitz-Ruppin,-5.2
DE40E,Potsdam-Mittelmark,-0.1
DE40F,Prignitz,-8.9
DE40G,Spree-Neiße,-13.7
DE40H,Teltow-Fläming,3.9
DE40I,Uckermark,-10.7
DE501,"Bremen, Kreisfreie Stadt",4.2
DE502,"Bremerhaven, Kreisfreie Stadt",-2.6
DE600,Hamburg,4.8
DE711,"Darmstadt, Kreisfreie Stadt",4.5
DE712,"Frankfurt am Main, Kreisfreie Stadt",3.6
DE713,"Offenbach am Main, Kreisfreie Stadt",0.5
DE714,"Wiesbaden, Kreisfreie Stadt",2.4
DE715,Bergstraße,1.9
DE716,Darmstadt-Dieburg,0.9
DE717,Groß-Gerau,2.2
DE718,Hochtaunuskreis,1.7
DE719,Main-Kinzig-Kreis,1.6
DE71A,Main-Taunus-Kreis,2.3
DE71B,Odenwaldkreis,0.1
DE71C,"Offenbach, Landkreis",0.5
DE71D,Rheingau-Taunus-Kreis,0.5
DE71E,Wetteraukreis,2.6
DE721,"Gießen, Landkreis",2
DE722,Lahn-Dill-Kreis,-1.2
DE723,Limburg-Weilburg,-0.8
DE724,Marburg-Biedenkopf,0
DE725,Vogelsbergkreis,-3.8
DE731,"Kassel, Kreisfreie Stadt",2.6
DE732,Fulda,0.4
DE733,Hersfeld-Rotenburg,-2.6
DE734,"Kassel, Landkreis",-0.4
DE735,Schwalm-Eder-Kreis,-2.1
DE736,Waldeck-Frankenberg,-1.9
DE737,Werra-Meißner-Kreis,-3.3
DE801,"Greifswald, Kreisfreie Stadt",1.4
DE802,"Neubrandenburg, Kreisfreie Stadt",-10.9
DE803,"Rostock, Kreisfreie Stadt",2.5
DE804,"Schwerin, Kreisfreie Stadt",-3.5
DE805,"Stralsund, Kreisfreie Stadt",-1
DE806,"Wismar, Kreisfreie Stadt",-1.1
DE807,Bad Doberan,0.9
DE808,Demmin,-11.9
DE809,Güstrow,-9.3
DE80A,Ludwigslust,-4.5
DE80B,Mecklenburg-Strelitz,-8.6
DE80C,Müritz,-4.6
DE80D,Nordvorpommern,-7.8
DE80E,Nordwestmecklenburg,-3
DE80F,Ostvorpommern,-4.9
DE80G,Parchim,-8.7
DE80H,Rügen,-7
DE80I,Uecker-Randow,-11.1
DE911,"Braunschweig, Kreisfreie Stadt",4.2
DE912,"Salzgitter, Kreisfreie Stadt",-5.3
DE913,"Wolfsburg, Kreisfreie Stadt",2.3
DE914,Gifhorn,0.6
DE915,Göttingen,-1.1
DE916,Goslar,-2.1
DE917,Helmstedt,-2.3
DE918,Northeim,-3.1
DE919,Osterode am Harz,-2.8
DE91A,Peine,2.2
DE91B,Wolfenbüttel,-0.6
DE922,Diepholz,3.2
DE923,Hameln-Pyrmont,-0.3
DE925,Hildesheim,0
DE926,Holzminden,-4.7
DE927,Nienburg (Weser),0.2
DE928,Schaumburg,0.9
DE929,Region Hannover,3
DE931,Celle,0.8
DE932,Cuxhaven,2
DE933,Harburg,6.8
DE934,Lüchow-Dannenberg,0.6
DE935,"Lüneburg, Landkreis",7.5
DE936,Osterholz,3.6
DE937,Rotenburg (Wümme),1.9
DE938,Soltau-Fallingbostel,1.8
DE939,Stade,3.5
DE93A,Uelzen,2.1
DE93B,Verden,1.9
DE941,"Delmenhorst, Kreisfreie Stadt",-1.7
DE942,"Emden, Kreisfreie Stadt",4
DE943,"Oldenburg (Oldenburg), Kreisfreie Stadt",5.7
DE944,"Osnabrück, Kreisfreie Stadt",1.1
DE945,"Wilhelmshaven, Kreisfreie Stadt",0.7
DE946,Ammerland,7.3
DE947,Aurich,2.5
DE948,Cloppenburg,2.8
DE949,Emsland,2.3
DE94A,Friesland (D),1.7
DE94B,Grafschaft Bentheim,4.3
DE94C,Leer,3.1
DE94D,"Oldenburg, Landkreis",6.1
DE94E,"Osnabrück, Landkreis",0.9
DE94F,Vechta,3.9
DE94G,Wesermarsch,-0.4
DE94H,Wittmund,1.8
DEA11,"Düsseldorf, Kreisfreie Stadt",4.9
DEA12,"Duisburg, Kreisfreie Stadt",-1.5
DEA13,"Essen, Kreisfreie Stadt",1
DEA14,"Krefeld, Kreisfreie Stadt",0.6
DEA15,"Mönchengladbach, Kreisfreie Stadt",0.5
DEA16,"Mülheim an der Ruhr,Kreisfreie Stadt",1.7
DEA17,"Oberhausen, Kreisfreie Stadt",-0.2
DEA18,"Remscheid, Kreisfreie Stadt",-4.8
DEA19,"Solingen, Kreisfreie Stadt",-0.1
DEA1A,"Wuppertal, Kreisfreie Stadt",-1.7
DEA1B,Kleve,4.8
DEA1C,Mettmann,-0.2
DEA1D,Rhein-Kreis Neuss,0.8
DEA1E,Viersen,2.1
DEA1F,Wesel,1.3
DEA22,"Bonn, Kreisfreie Stadt",6.5
DEA23,"Köln, Kreisfreie Stadt",4.2
DEA24,"Leverkusen, Kreisfreie Stadt",1.4
DEA26,Düren,1.2
DEA27,Rhein-Erft-Kreis,3.1
DEA28,Euskirchen,3.3
DEA29,Heinsberg,3.5
DEA2A,Oberbergischer Kreis,-0.9
DEA2B,Rheinisch-Bergischer Kreis,2.1
DEA2C,Rhein-Sieg-Kreis,4
DEA2D,Städteregion Aachen,
DEA31,"Bottrop, Kreisfreie Stadt",0.5
DEA32,"Gelsenkirchen, Kreisfreie Stadt",-3
DEA33,"Münster, Kreisfreie Stadt",4.5
DEA34,Borken,1.6
DEA35,Coesfeld,2.3
DEA36,Recklinghausen,-0.8
DEA37,Steinfurt,1.9
DEA38,Warendorf,-0.9
DEA41,"Bielefeld, Kreisfreie Stadt",1.5
DEA42,Gütersloh,1.8
DEA43,Herford,0
DEA44,Höxter,-3.6
DEA45,Lippe,-2
DEA46,Minden-Lübbecke,-0.6
DEA47,Paderborn,1.5
DEA51,"Bochum, Kreisfreie Stadt",-0.3
DEA52,"Dortmund, Kreisfreie Stadt",1.6
DEA53,"Hagen, Kreisfreie Stadt",-3.9
DEA54,"Hamm, Kreisfreie Stadt",1.3
DEA55,"Herne, Kreisfreie Stadt",-1.2
DEA56,Ennepe-Ruhr-Kreis,-1.1
DEA57,Hochsauerlandkreis,-3.2
DEA58,Märkischer Kreis,-3.8
DEA59,Olpe,-1.2
DEA5A,Siegen-Wittgenstein,-2.5
DEA5B,Soest,1.2
DEA5C,Unna,-2.2
DEB11,"Koblenz, Kreisfreie Stadt",1.7
DEB12,Ahrweiler,2.6
DEB13,Altenkirchen (Westerwald),-1
DEB14,Bad Kreuznach,1.9
DEB15,Birkenfeld,-3.5
DEB16,Cochem-Zell,0.4
DEB17,Mayen-Koblenz,2.2
DEB18,Neuwied,0.8
DEB19,Rhein-Hunsrück-Kreis,-0.4
DEB1A,Rhein-Lahn-Kreis,-0.6
DEB1B,Westerwaldkreis,0.3
DEB21,"Trier, Kreisfreie Stadt",7.4
DEB22,Bernkastel-Wittlich,0.2
DEB23,Bitburg-Prüm,0.2
DEB24,Vulkaneifel,-1
DEB25,Trier-Saarburg,4.6
DEB31,"Frankenthal (Pfalz), Kreisfreie Stadt",0.6
DEB32,"Kaiserslautern, Kreisfreie Stadt",2.6
DEB33,"Landau in der Pfalz, Kreisfreie Stadt",7.8
DEB34,"Ludwigshafen am Rhein, Kreisfreie Stadt",2.1
DEB35,"Mainz, Kreisfreie Stadt",8.6
DEB36,"Neustadt an der Weinstraße, Kreisfreie Stadt",0.8
DEB37,"Pirmasens, Kreisfreie Stadt",-3.4
DEB38,"Speyer, Kreisfreie Stadt",2.7
DEB39,"Worms, Kreisfreie Stadt",3.3
DEB3A,"Zweibrücken, Kreisfreie Stadt",-1.2
DEB3B,Alzey-Worms,1.3
DEB3C,Bad Dürkheim,2.8
DEB3D,Donnersbergkreis,-1.1
DEB3E,Germersheim,1.4
DEB3F,"Kaiserslautern, Landkreis",-1.4
DEB3G,Kusel,-3.3
DEB3H,Südliche Weinstraße,2.1
DEB3I,Rhein-Pfalz-Kreis,3.5
DEB3J,Mainz-Bingen,4.2
DEB3K,Südwestpfalz,-2.4
DEC01,Stadtverband Saarbrücken,-0.5
DEC02,Merzig-Wadern,3
DEC03,Neunkirchen,-1.6
DEC04,Saarlouis,0.2
DEC05,Saarpfalz-Kreis,-0.7
DEC06,St. Wendel,-0.5
DED21,"Dresden, Kreisfreie Stadt",9.2
DED2C,Bautzen,
DED2D,Görlitz,
DED2E,Meißen,
DED2F,Sächsische Schweiz-Osterzgebirge,
DED41,"Chemnitz, Kreisfreie Stadt",-1.5
DED42,Erzgebirgskreis,
DED43,Mittelsachsen,
DED44,Vogtlandkreis,
DED45,Zwickau,
DED51,"Leipzig, Kreisfreie Stadt",8
DED52,Leipzig,
DED53,Nordhausen,
DEE01,"Dessau-Roßlau, Kreisfreie Stadt",-5.6
DEE02,"Halle (Saale), Kreisfreie Stadt",-3.2
DEE03,"Magdeburg, Kreisfreie Stadt",3.6
DEE04,Altmarkkreis Salzwedel,-7.9
DEE05,Anhalt-Bitterfeld,-3.5
DEE06,Jerichower Land,-2.2
DEE07,Börde,-2.8
DEE08,Burgenland (D),-2.6
DEE09,Harz,-2.7
DEE0A,Mansfeld-Südharz,-4
DEE0B,Saalekreis,-3
DEE0C,Salzland,-3.2
DEE0D,Stendal,-9.4
DEE0E,Wittenberg,-3.1
DEF01,"Flensburg, Kreisfreie Stadt",7.4
DEF02,"Kiel, Kreisfreie Stadt",4.3
DEF03,"Lübeck, Kreisfreie Stadt",2.3
DEF04,"Neumünster, Kreisfreie Stadt",-0.7
DEF05,Dithmarschen,1.6
DEF06,Herzogtum Lauenburg,6.2
DEF07,Nordfriesland,3.1
DEF08,Ostholstein,5.8
DEF09,Pinneberg,5.9
DEF0A,Plön,4.1
DEF0B,Rendsburg-Eckernförde,2
DEF0C,Schleswig-Flensburg,2.7
DEF0D,Segeberg,4.4
DEF0E,Steinburg,0.8
DEF0F,Stormarn,7.5
DEG01,"Erfurt, Kreisfreie Stadt",3.5
DEG02,"Gera, Kreisfreie Stadt",-7.7
DEG03,"Jena, Kreisfreie Stadt",4.7
DEG04,"Suhl, Kreisfreie Stadt",-14.7
DEG05,"Weimar, Kreisfreie Stadt",5.9
DEG06,Eichsfeld,-6.8
DEG07,Nordhausen,-4.5
DEG09,Unstrut-Hainich-Kreis,-5.4
DEG0A,Kyffhäuserkreis,-8.7
DEG0B,Schmalkalden-Meiningen,-5.2
DEG0C,Gotha,-3.3
DEG0D,Sömmerda,-7.3
DEG0E,Hildburghausen,-5.5
DEG0F,Ilm-Kreis,-3.7
DEG0G,Weimarer Land,-4.9
DEG0H,Sonneberg,-6
DEG0I,Saalfeld-Rudolstadt,-7
DEG0J,Saale-Holzland-Kreis,-4.9
DEG0K,Saale-Orla-Kreis,-6.3
DEG0L,Greiz,-7.8
DEG0M,Altenburger Land,-8.4
DEG0N,"Eisenach, Kreisfreie Stadt",1.1
DEG0P,Wartburgkreis,-6.2
EE001,Põhja-Eesti,0
EE004,Lääne-Eesti,0.1
EE006,Kesk-Eesti,0.2
EE007,Kirde-Eesti,0.1
EE008,Lõuna-Eesti,0.1
IE011,Border,10.8
IE012,Midland,14.1
IE013,West,9.5
IE021,Dublin,-1.6
IE022,Mid-East,18.9
IE023,Mid-West,3.3
IE024,South-East (IE),12.1
IE025,South-West (IE),5.4
EL111,Evros,1.1
EL112,Xanthi,0.4
EL113,Rodopi,0.5
EL114,Drama,0
EL115,Kavala,0.5
EL121,Imathia,0.5
EL122,Thessaloniki,5.2
EL123,Kilkis,-4.7
EL124,Pella,1.2
EL125,Pieria,1
EL126,Serres,0.4
EL127,Chalkidiki,2.3
EL131,Grevena,0.5
EL132,Kastoria,0.6
EL133,Kozani,0.4
EL134,Florina,1
EL141,Karditsa,-0.1
EL142,Larisa,0.4
EL143,Magnisia,0
EL144,Trikala,0.8
EL211,Arta,0.1
EL212,Thesprotia,-0.4
EL213,Ioannina,17.4
EL214,Preveza,0.7
EL221,Zakynthos,3.1
EL222,Kerkyra,22.5
EL223,Kefallinia,2
EL224,Lefkada,4
EL231,Aitoloakarnania,0.3
EL232,Achaia,8.7
EL233,Ileia,0.7
EL241,Voiotia,1.6
EL242,Evvoia,0.7
EL243,Evrytania,5
EL244,Fthiotida,0.3
EL245,Fokida,6.3
EL251,Argolida,0.9
EL252,Arkadia,0.8
EL253,Korinthia,1.8
EL254,Lakonia,2.6
EL255,Messinia,1.4
EL300,Attiki,4.3
EL411,Lesvos,0.6
EL412,Samos,0.9
EL413,Chios,0.3
EL421,Dodekanisos,0.6
EL422,Kyklades,1.5
EL431,Irakleio,0.3
EL432,Lasithi,0.2
EL433,Rethymni,0.1
EL434,Chania,1.2
ES111,A Coruña,5.3
ES112,Lugo,2.3
ES113,Ourense,3
ES114,Pontevedra,5.1
ES120,Asturias,4.1
ES130,Cantabria,9.1
ES211,Álava,8.1
ES212,Guipúzcoa,1.8
ES213,Vizcaya,1.8
ES220,Navarra,10.3
ES230,La Rioja,14.3
ES241,Huesca,10.3
ES242,Teruel,9.2
ES243,Zaragoza,11.1
ES300,Madrid,14.7
ES411,Ávila,6.8
ES412,Burgos,5.1
ES413,León,2.5
ES414,Palencia,0.6
ES415,Salamanca,2.7
ES416,Segovia,10
ES417,Soria,6.3
ES418,Valladolid,5.8
ES419,Zamora,2.1
ES421,Albacete,8.3
ES422,Ciudad Real,9.1
ES423,Cuenca,9.8
ES424,Guadalajara,38.8
ES425,Toledo,23
ES431,Badajoz,3.3
ES432,Cáceres,1.8
ES511,Barcelona,9.5
ES512,Girona,26.4
ES513,Lleida,19.6
ES514,Tarragona,28.6
ES521,Alicante / Alacant,29.9
ES522,Castellón / Castelló,21.7
ES523,Valencia / València,13.1
ES531,Eivissa y Formentera,18.1
ES532,Mallorca,9.9
ES533,Menorca,7.4
ES611,Almería,24.5
ES612,Cádiz,5.3
ES613,Córdoba,2.1
ES614,Granada,8.8
ES615,Huelva,7.9
ES616,Jaén,0.7
ES617,Málaga,21.1
ES618,Sevilla,4.8
ES620,Murcia,18.5
ES630,Ceuta,-2.4
ES640,Melilla,1.1
ES703,El Hierro,6.7
ES704,Fuerteventura,15.3
ES705,Gran Canaria,5.1
ES706,La Gomera,8.6
ES707,La Palma,4.2
ES708,Lanzarote,12.4
ES709,Tenerife,9.3
FR101,Paris,-2.4
FR102,Seine-et-Marne,1.7
FR103,Yvelines,-4.7
FR104,Essonne,-2.7
FR105,Hauts-de-Seine,-1.8
FR106,Seine-Saint-Denis,-4.4
FR107,Val-de-Marne,-2.5
FR108,Val-d'Oise,-4.5
FR211,Ardennes,-4.5
FR212,Aube,0.8
FR213,Marne,-3.8
FR214,Haute-Marne,-5.8
FR221,Aisne,-2.1
FR222,Oise,-2.2
FR223,Somme,-0.6
FR231,Eure,2.6
FR232,Seine-Maritime,-3.1
FR241,Cher,0.1
FR242,Eure-et-Loir,0.3
FR243,Indre,2.2
FR244,Indre-et-Loire,2.8
FR245,Loir-et-Cher,3.6
FR246,Loiret,0.7
FR251,Calvados,0.8
FR252,Manche,2.1
FR253,Orne,-1.5
FR261,Côte-d'Or,0.1
FR262,Nièvre,0.9
FR263,Saône-et-Loire,2
FR264,Yonne,2.4
FR301,Nord,-4.7
FR302,Pas-de-Calais,-2.6
FR411,Meurthe-et-Moselle,-1.1
FR412,Meuse,-1.1
FR413,Moselle,-1.3
FR414,Vosges,-1.6
FR421,Bas-Rhin,0.8
FR422,Haut-Rhin,0.7
FR431,Doubs,-0.6
FR432,Jura,1.5
FR433,Haute-Saône,1.4
FR434,Territoire de Belfort,-1.1
FR511,Loire-Atlantique,5.8
FR512,Maine-et-Loire,1.2
FR513,Mayenne,1.7
FR514,Sarthe,2
FR515,Vendée,12.6
FR521,Côtes-d'Armor,8.3
FR522,Finistère,4.1
FR523,Ille-et-Vilaine,6.2
FR524,Morbihan,9.2
FR531,Charente,3.7
FR532,Charente-Maritime,11.1
FR533,Deux-Sèvres,4.8
FR534,Vienne,3.9
FR611,Dordogne,9.3
FR612,Gironde,7.7
FR613,Landes,15.3
FR614,Lot-et-Garonne,7.3
FR615,Pyrénées-Atlantiques,7.6
FR621,Ariège,11.7
FR622,Aveyron,5.6
FR623,Haute-Garonne,10.3
FR624,Gers,11
FR625,Lot,10.4
FR626,Hautes-Pyrénées,4.4
FR627,Tarn,8.4
FR628,Tarn-et-Garonne,13.6
FR631,Corrèze,6.5
FR632,Creuse,6.3
FR633,Haute-Vienne,6
FR711,Ain,8.8
FR712,Ardèche,8.2
FR713,Drôme,5.6
FR714,Isère,2.4
FR715,Loire,-0.5
FR716,Rhône,1
FR717,Savoie,5.6
FR718,Haute-Savoie,8.1
FR721,Allier,2.2
FR722,Cantal,1.5
FR723,Haute-Loire,6.1
FR724,Puy-de-Dôme,3
FR811,Aude,13.9
FR812,Gard,9.8
FR813,Hérault,11.6
FR814,Lozère,6
FR815,Pyrénées-Orientales,12.9
FR821,Alpes-de-Haute-Provence,12.4
FR822,Hautes-Alpes,9.9
FR823,Alpes-Maritimes,4.8
FR824,Bouches-du-Rhône,1.6
FR825,Var,9.1
FR826,Vaucluse,3.7
FR831,Corse-du-Sud,18.1
FR832,Haute-Corse,15.2
FR910,Guadeloupe,-4.3
FR920,Martinique,-4.9
FR930,Guyane,9.6
FR940,Réunion,-0.6
HR031,Primorsko-goranska županija,2.3
HR032,Ličko-senjska županija,-1.8
HR033,Zadarska županija,8.3
HR034,Šibensko-kninska županija,3.1
HR035,Splitsko-dalmatinska županija,2.6
HR036,Istarska županija,5.5
HR037,Dubrovačko-neretvanska županija,3.1
HR041,Grad Zagreb,2.3
HR042,Zagrebačka županija,6.6
HR043,Krapinsko-zagorska županija,0
HR044,Varaždinska županija,0.1
HR045,Koprivničko-križevačka županija,-0.5
HR046,Međimurska županija,-0.4
HR047,Bjelovarsko-bilogorska županija,-2.7
HR048,Virovitičko-podravska županija,-3.8
HR049,Požeško-slavonska županija,-3.8
HR04A,Brodsko-posavska županija,-1.8
HR04B,Osječko-baranjska županija,-1.3
HR04C,Vukovarsko-srijemska županija,-3.3
HR04D,Karlovačka županija,-1.9
HR04E,Sisačko-moslavačka županija,-4
ITC11,Torino,7.2
ITC12,Vercelli,6.7
ITC13,Biella,4.2
ITC14,Verbano-Cusio-Ossola,6.4
ITC15,Novara,10.5
ITC16,Cuneo,9.1
ITC17,Asti,11.4
ITC18,Alessandria,12.3
ITC20,Valle d'Aosta/Vallée d'Aoste,8.1
ITC31,Imperia,14
ITC32,Savona,12
ITC33,Genova,6.1
ITC34,La Spezia,9.3
ITC41,Varese,8.7
ITC42,Como,10.3
ITC43,Lecco,8.8
ITC44,Sondrio,4.2
ITC46,Bergamo,10.8
ITC47,Brescia,11.5
ITC48,Pavia,15.8
ITC49,Lodi,15.7
ITC4A,Cremona,10.8
ITC4B,Mantova,11.9
ITC4C,Milano,10.3
ITC4D,Monza e della Brianza,6.4
ITF11,L'Aquila,7.2
ITF12,Teramo,9.7
ITF13,Pescara,10.8
ITF14,Chieti,6.2
ITF21,Isernia,2.4
ITF22,Campobasso,2.5
ITF31,Caserta,4
ITF32,Benevento,1.8
ITF33,Napoli,-3.2
ITF34,Avellino,3.3
ITF35,Salerno,2.5
ITF43,Taranto,-1.5
ITF44,Brindisi,-0.5
ITF45,Lecce,3.1
ITF46,Foggia,
ITF47,Bari,
ITF48,Barletta-Andria-Trani,
ITF51,Potenza,-1.1
ITF52,Matera,-0.8
ITF61,Cosenza,0
ITF62,Crotone,-2.3
ITF63,Catanzaro,-0.7
ITF64,Vibo Valentia,-3.6
ITF65,Reggio di Calabria,0
ITG11,Trapani,2.9
ITG12,Palermo,-0.8
ITG13,Messina,0.6
ITG14,Agrigento,0.6
ITG15,Caltanissetta,-2.2
ITG16,Enna,-2.4
ITG17,Catania,1.3
ITG18,Ragusa,6.8
ITG19,Siracusa,1.2
ITG25,Sassari,5.1
ITG26,Nuoro,-1.6
ITG27,Cagliari,3
ITG28,Oristano,1.4
ITG29,Olbia-Tempio,13.2
ITG2A,Ogliastra,-0.4
ITG2B,Medio Campidano,-1.2
ITG2C,Carbonia-Iglesias,0.1
ITH10,Bolzano-Bozen,6.4
ITH20,Trento,10
ITH31,Verona,10.6
ITH32,Vicenza,8
ITH33,Belluno,5.4
ITH34,Treviso,10.1
ITH35,Venezia,7.5
ITH36,Padova,9.4
ITH37,Rovigo,6.1
ITH41,Pordenone,10.5
ITH42,Udine,7.5
ITH43,Gorizia,8.7
ITH44,Trieste,4.5
ITH51,Piacenza,14.5
ITH52,Parma,15.9
ITH53,Reggio nell'Emilia,16.6
ITH54,Modena,11.4
ITH55,Bologna,11.5
ITH56,Ferrara,10.6
ITH57,Ravenna,15.8
ITH58,Forlì-Cesena,11.4
ITH59,Rimini,
ITI11,Massa-Carrara,7.7
ITI12,Lucca,9.4
ITI13,Pistoia,11.9
ITI14,Firenze,9.1
ITI15,Prato,8.8
ITI16,Livorno,9
ITI17,Pisa,11.2
ITI18,Arezzo,11.3
ITI19,Siena,12.5
ITI1A,Grosseto,13.1
ITI21,Perugia,12.9
ITI22,Terni,11.3
ITI31,Pesaro e Urbino,
ITI32,Ancona,9.3
ITI33,Macerata,10.4
ITI34,Ascoli Piceno,
ITI35,Fermo,
ITI41,Viterbo,14.3
ITI42,Rieti,13
ITI43,Roma,12.1
ITI44,Latina,11.2
ITI45,Frosinone,4
CY000,Kýpros,12.7
LV003,Kurzeme,-3.5
LV005,Latgale,-4.3
LV006,Rīga,-3.7
LV007,Pierīga,11.6
LV008,Vidzeme,-4.6
LV009,Zemgale,-1.2
LT001,Alytaus apskritis,-6.7
LT002,Kauno apskritis,-5.3
LT003,Klaipėdos apskritis,-3.7
LT004,Marijampolės apskritis,-5
LT005,Panevėžio apskritis,-5.6
LT006,Šiaulių apskritis,-7.9
LT007,Tauragės apskritis,-6.2
LT008,Telšių apskritis,-6
LT009,Utenos apskritis,-5.5
LT00A,Vilniaus apskritis,0.3
LU000,Luxembourg,12.2
HU101,Budapest,2.3
HU102,Pest,17.2
HU211,Fejér,1.9
HU212,Komárom-Esztergom,2
HU213,Veszprém,-1.4
HU221,Győr-Moson-Sopron,6.3
HU222,Vas,0.6
HU223,Zala,1
HU231,Baranya,-0.2
HU232,Somogy,-0.8
HU233,Tolna,-3.4
HU311,Borsod-Abaúj-Zemplén,-5.7
HU312,Heves,-1.2
HU313,Nógrád,-3.6
HU321,Hajdú-Bihar,-0.7
HU322,Jász-Nagykun-Szolnok,-3.7
HU323,Szabolcs-Szatmár-Bereg,-4.3
HU331,Bács-Kiskun,0
HU332,Békés,-3.9
HU333,Csongrád,2.5
MT001,Malta,4.6
MT002,Gozo and Comino / Għawdex u Kemmuna,3.4
NL111,Oost-Groningen,-0.5
NL112,Delfzijl en omgeving,-5.9
NL113,Overig Groningen,2.5
NL121,Noord-Friesland,-0.9
NL122,Zuidwest-Friesland,0
NL123,Zuidoost-Friesland,1.2
NL131,Noord-Drenthe,3.9
NL132,Zuidoost-Drenthe,0.4
NL133,Zuidwest-Drenthe,1.4
NL211,Noord-Overijssel,0.8
NL212,Zuidwest-Overijssel,2.5
NL213,Twente,-0.5
NL221,Veluwe,0.3
NL224,Zuidwest-Gelderland,-1
NL225,Achterhoek,3.7
NL226,Arnhem/Nijmegen,-0.6
NL230,Flevoland,8.8
NL310,Utrecht,3.7
NL321,Kop van Noord-Holland,0.1
NL322,Alkmaar en omgeving,-4.2
NL323,IJmond,9.4
NL324,Agglomeratie Haarlem,0.2
NL325,Zaanstreek,4
NL326,Groot-Amsterdam,2.6
NL327,Het Gooi en Vechtstreek,4.1
NL332,Agglomeratie 's-Gravenhage,3.2
NL333,Delft en Westland,4.2
NL337,Agglomeratie Leiden en Bollenstreek,
NL338,Oost-Zuid-Holland,
NL339,Groot-Rijnmond,
NL33A,Zuidoost-Zuid-Holland,
NL341,Zeeuwsch-Vlaanderen,0.5
NL342,Overig Zeeland,1.2
NL411,West-Noord-Brabant,1.2
NL412,Midden-Noord-Brabant,0
NL413,Noordoost-Noord-Brabant,-0.9
NL414,Zuidoost-Noord-Brabant,0
NL421,Noord-Limburg,-0.5
NL422,Midden-Limburg,6
NL423,Zuid-Limburg,-4.4
AT111,Mittelburgenland,3
AT112,Nordburgenland,8.8
AT113,Südburgenland,3.6
AT121,Mostviertel-Eisenwurzen,0.6
AT122,Niederösterreich-Süd,4.5
AT123,Sankt Pölten,5.2
AT124,Waldviertel,0.3
AT125,Weinviertel,4.1
AT126,Wiener Umland/Nordteil,12.2
AT127,Wiener Umland/Südteil,10
AT130,Wien,9.9
AT211,Klagenfurt-Villach,4.3
AT212,Oberkärnten,-2.2
AT213,Unterkärnten,-2.7
AT221,Graz,13
AT222,Liezen,-1.8
AT223,Östliche Obersteiermark,-1.7
AT224,Oststeiermark,-0.1
AT225,West- und Südsteiermark,1.8
AT226,Westliche Obersteiermark,-3.6
AT311,Innviertel,0.7
AT312,Linz-Wels,4.1
AT313,Mühlviertel,-0.9
AT314,Steyr-Kirchdorf,0.1
AT315,Traunviertel,1.1
AT321,Lungau,-3
AT322,Pinzgau-Pongau,-1.8
AT323,Salzburg und Umgebung,3
AT331,Außerfern,-0.8
AT332,Innsbruck,5.5
AT333,Osttirol,-3
AT334,Tiroler Oberland,1.6
AT335,Tiroler Unterland,3
AT341,Bludenz-Bregenzer Wald,-1.2
AT342,Rheintal-Bodenseegebiet,2.7
PL113,Miasto Łódź,-2.1
PL114,Łódzki,4.6
PL115,Piotrkowski,-1
PL116,Sieradzki,-1
PL117,Skierniewicki,-1.8
PL121,Ciechanowsko-płocki,-1.5
PL122,Ostrołęcko-siedlecki,-2
PL127,Miasto Warszawa,3.1
PL128,Radomski,-2.1
PL129,Warszawski-wschodni,6.5
PL12A,Warszawski-zachodni,9.5
PL213,Miasto Kraków,0.1
PL214,Krakowski,5.2
PL215,Nowosądecki,-0.2
PL216,Oświęcimski,-0.2
PL217,Tarnowski,1.3
PL224,Częstochowski,-0.6
PL225,Bielski,1.6
PL227,Rybnicki,-3.1
PL228,Bytomski,-3.1
PL229,Gliwicki,-4
PL22A,Katowicki,-3.7
PL22B,Sosnowiecki,-1.4
PL22C,Tyski,-1
PL311,Bialski,-2.7
PL312,Chełmsko-zamojski,-2.4
PL314,Lubelski,-0.5
PL315,Puławski,-2.8
PL323,Krośnieński,-3
PL324,Przemyski,-1.6
PL325,Rzeszowski,0.5
PL326,Tarnobrzeski,-1.9
PL331,Kielecki,-1.4
PL332,Sandomiersko-jędrzejowski,-1.6
PL343,Białostocki,0.3
PL344,Łomżyński,-3
PL345,Suwalski,-2.6
PL411,Pilski,-1.2
PL414,Koniński,-0.8
PL415,Miasto Poznań,-4.9
PL416,Kaliski,-0.4
PL417,Leszczyński,0.1
PL418,Poznański,10.8
PL422,Koszaliński,-1.6
PL423,Stargardzki,-2.4
PL424,Miasto Szczecin,-1.3
PL425,Szczeciński,2.4
PL431,Gorzowski,-0.5
PL432,Zielonogórski,-1.1
PL514,Miasto Wrocław,0.2
PL515,Jeleniogórski,-1.9
PL516,Legnicko-Głogowski,-2.5
PL517,Wałbrzyski,-2.2
PL518,Wrocławski,4.5
PL521,Nyski,-2.6
PL522,Opolski,-3.5
PL613,Bydgosko-Toruński,0.6
PL614,Grudziądzki,-1.4
PL615,Włocławski,-1.5
PL621,Elbląski,-2.7
PL622,Olsztyński,-1.2
PL623,Ełcki,-2.2
PL631,Słupski,-2.2
PL633,Trójmiejski,-1.6
PL634,Gdański,8.1
PL635,Starogardzki,-1.2
PT111,Minho-Lima,4.1
PT112,Cávado,2.9
PT113,Ave,1.5
PT114,Grande Porto,1.1
PT115,Tâmega,-0.8
PT116,Entre Douro e Vouga,3.8
PT117,Douro,-2.3
PT118,Alto Trás-os-Montes,1.4
PT150,Algarve,13.9
PT161,Baixo Vouga,5.2
PT162,Baixo Mondego,-0.5
PT163,Pinhal Litoral,8.1
PT164,Pinhal Interior Norte,6.3
PT165,Dão-Lafões,5.5
PT166,Pinhal Interior Sul,-0.3
PT167,Serra da Estrela,3.4
PT168,Beira Interior Norte,1.2
PT169,Beira Interior Sul,1.2
PT16A,Cova da Beira,1
PT16B,Oeste,9.8
PT16C,Médio Tejo,5.3
PT171,Grande Lisboa,2.2
PT172,Península de Setúbal,9.9
PT181,Alentejo Litoral,1.3
PT182,Alto Alentejo,-0.6
PT183,Alentejo Central,2.7
PT184,Baixo Alentejo,0.6
PT185,Lezíria do Tejo,6.5
PT200,Região Autónoma dos Açores,1.7
PT300,Região Autónoma da Madeira,2.3
RO111,Bihor,-2.1
RO112,Bistriţa-Năsăud,-3.5
RO113,Cluj,-1.4
RO114,Maramureş,-3.6
RO115,Satu Mare,-4.6
RO116,Sălaj,-3.2
RO121,Alba,-3.3
RO122,Braşov,-5
RO123,Covasna,-4
RO124,Harghita,-4.7
RO125,Mureş,-2.3
RO126,Sibiu,-4.4
RO211,Bacău,-5
RO212,Botoşani,-2.7
RO213,Iaşi,-4.7
RO214,Neamţ,-3
RO215,Suceava,-2.6
RO216,Vaslui,-4.1
RO221,Brăila,-3.9
RO222,Buzău,-1.1
RO223,Constanţa,-3.5
RO224,Galaţi,-4.7
RO225,Tulcea,-4.4
RO226,Vrancea,1.3
RO311,Argeş,-2.8
RO312,Călăraşi,-3.5
RO313,Dâmboviţa,-1.9
RO314,Giurgiu,1.7
RO315,Ialomiţa,-4.1
RO316,Prahova,-2.5
RO317,Teleorman,-4.7
RO321,Bucureşti,-1.4
RO322,Ilfov,20.5
RO411,Dolj,-0.9
RO412,Gorj,-3
RO413,Mehedinţi,-5.3
RO414,Olt,-4.2
RO415,Vâlcea,-2.9
RO421,Arad,0
RO422,Caraş-Severin,-5.1
RO423,Hunedoara,-8.4
RO424,Timiş,0.3
SI011,Pomurska,0.1
SI012,Podravska,2.2
SI013,Koroška,-0.3
SI014,Savinjska,2.9
SI015,Zasavska,-1.4
SI016,Spodnjeposavska,4.4
SI017,Jugovzhodna Slovenija,4
SI018,Notranjsko-kraška,6.4
SI021,Osrednjeslovenska,5.7
SI022,Gorenjska,1.7
SI023,Goriška,2
SI024,Obalno-kraška,9
SK010,Bratislavský kraj,4.6
SK021,Trnavský kraj,3.2
SK022,Trenčiansky kraj,-0.2
SK023,Nitriansky kraj,1.2
SK031,Žilinský kraj,-0.2
SK032,Banskobystrický kraj,-0.3
SK041,Prešovský kraj,-1.3
SK042,Košický kraj,-0.5
FI193,Keski-Suomi,1.5
FI194,Etelä-Pohjanmaa,-1.2
FI195,Pohjanmaa,0.8
FI196,Satakunta,-1.8
FI197,Pirkanmaa,6.5
FI1B1,Helsinki-Uusimaa,4.7
FI1C1,Varsinais-Suomi,3.3
FI1C2,Kanta-Häme,5.7
FI1C3,Päijät-Häme,2.6
FI1C4,Kymenlaakso,0
FI1C5,Etelä-Karjala,0
FI1D1,Etelä-Savo,-2.9
FI1D2,Pohjois-Savo,-1.5
FI1D3,Pohjois-Karjala,-1.6
FI1D4,Kainuu,-6.5
FI1D5,Keski-Pohjanmaa,-3
FI1D6,Pohjois-Pohjanmaa,0.3
FI1D7,Lappi,-4.3
FI200,Åland,7.4
SE110,Stockholms län,6.5
SE121,Uppsala län,10.1
SE122,Södermanlands län,6.3
SE123,Östergötlands län,4.1
SE124,Örebro län,3.1
SE125,Västmanlands län,-1.5
SE211,Jönköpings län,2.2
SE212,Kronobergs län,3.9
SE213,Kalmar län,2.2
SE214,Gotlands län,1.7
SE221,Blekinge län,3
SE224,Skåne län,8.4
SE231,Hallands län,7.2
SE232,Västra Götalands län,4.2
SE311,Värmlands län,2
SE312,Dalarnas län,2
SE313,Gävleborgs län,1.8
SE321,Västernorrlands län,0.9
SE322,Jämtlands län,0
SE331,Västerbottens län,1.1
SE332,Norrbottens län,-1.4
UKC11,Hartlepool and Stockton-on-Tees,1.8
UKC12,South Teesside,-2
UKC13,Darlington,1.5
UKC14,Durham CC,3.8
UKC21,Northumberland,3
UKC22,Tyneside,4.5
UKC23,Sunderland,-0.9
UKD11,West Cumbria,0.5
UKD12,East Cumbria,4.5
UKD31,Greater Manchester South,4.5
UKD32,Greater Manchester North,-1.6
UKD41,Blackburn with Darwen,-5.1
UKD42,Blackpool,0.2
UKD43,Lancashire CC,2.5
UKD61,Warrington,
UKD62,Cheshire East,
UKD63,Cheshire West and Chester,
UKD71,East Merseyside,
UKD72,Liverpool,-0.6
UKD73,Sefton,-1.6
UKD74,Wirral,-1.9
UKE11,"Kingston upon Hull, City of",2.2
UKE12,East Riding of Yorkshire,10
UKE13,North and North East Lincolnshire,1.6
UKE21,York,11.9
UKE22,North Yorkshire CC,6.4
UKE31,"Barnsley, Doncaster and Rotherham",1.4
UKE32,Sheffield,6.7
UKE41,Bradford,2.5
UKE42,Leeds,9
UKE44,Calderdale and Kirklees,
UKE45,Wakefield,
UKF11,Derby,3.5
UKF12,East Derbyshire,3.6
UKF13,South and West Derbyshire,4.6
UKF14,Nottingham,9.6
UKF15,North Nottinghamshire,4.2
UKF16,South Nottinghamshire,3.7
UKF21,Leicester,1.1
UKF22,Leicestershire CC and Rutland,5.6
UKF24,West Northamptonshire,
UKF25,North Northamptonshire,
UKF30,Lincolnshire,10.5
UKG11,"Herefordshire, County of",4.1
UKG12,Worcestershire,2.4
UKG13,Warwickshire,5.1
UKG21,Telford and Wrekin,-1.2
UKG22,Shropshire CC,4.9
UKG23,Stoke-on-Trent,-3.1
UKG24,Staffordshire CC,2.7
UKG31,Birmingham,-1.4
UKG32,Solihull,2.2
UKG33,Coventry,0.5
UKG36,Dudley,
UKG37,Sandwell,
UKG38,Walsall,
UKG39,Wolverhampton,
UKH11,Peterborough,4
UKH12,Cambridgeshire CC,9.1
UKH13,Norfolk,9.8
UKH14,Suffolk,6.8
UKH21,Luton,-1.6
UKH23,Hertfordshire,3.6
UKH24,Bedford,
UKH25,Central Bedfordshire,
UKH31,Southend-on-Sea,2.6
UKH32,Thurrock,5.4
UKH33,Essex CC,6.5
UKI11,Inner London - West,4.2
UKI12,Inner London - East,-4.9
UKI21,Outer London - East and North East,0
UKI22,Outer London - South,1.7
UKI23,Outer London - West and North West,-1.3
UKJ11,Berkshire,1.7
UKJ12,Milton Keynes,6.1
UKJ13,Buckinghamshire CC,0.6
UKJ14,Oxfordshire,3
UKJ21,Brighton and Hove,1.4
UKJ22,East Sussex CC,8.3
UKJ23,Surrey,3.9
UKJ24,West Sussex,7.3
UKJ31,Portsmouth,7.5
UKJ32,Southampton,5.7
UKJ33,Hampshire CC,3
UKJ34,Isle of Wight,10.5
UKJ41,Medway,-1.1
UKJ42,Kent CC,6.4
UKK11,"Bristol, City of",8.6
UKK12,"Bath and North East Somerset, North Somerset and South Gloucestershire",7.7
UKK13,Gloucestershire,4.6
UKK14,Swindon,7
UKK15,Wiltshire CC,4.9
UKK21,Bournemouth and Poole,4.4
UKK22,Dorset CC,7.1
UKK23,Somerset,6.8
UKK30,Cornwall and Isles of Scilly,9.8
UKK41,Plymouth,5.6
UKK42,Torbay,8
UKK43,Devon CC,9.1
UKL11,Isle of Anglesey,2.1
UKL12,Gwynedd,2.7
UKL13,Conwy and Denbighshire,6.1
UKL14,South West Wales,5.7
UKL15,Central Valleys,-0.3
UKL16,Gwent Valleys,-0.5
UKL17,Bridgend and Neath Port Talbot,3.6
UKL18,Swansea,4.1
UKL21,Monmouthshire and Newport,1.9
UKL22,Cardiff and Vale of Glamorgan,5.5
UKL23,Flintshire and Wrexham,1
UKL24,Powys,6.1
UKM21,Angus and Dundee City,1.6
UKM22,Clackmannanshire and Fife,4.7
UKM23,East Lothian and Midlothian,4.3
UKM24,Scottish Borders,8
UKM25,"Edinburgh, City of",8.1
UKM26,Falkirk,5.2
UKM27,Perth & Kinross and Stirling,9
UKM28,West Lothian,4.7
UKM31,"East Dunbartonshire, West Dunbartonshire and Helensburgh & Lomond",-3.2
UKM32,Dumfries & Galloway,3.2
UKM33,East Ayrshire and North Ayrshire mainland,0.5
UKM34,Glasgow City,3.5
UKM35,"Inverclyde, East Renfrewshire and Renfrewshire",-1.3
UKM36,North Lanarkshire,0.2
UKM37,South Ayrshire,3
UKM38,South Lanarkshire,3.2
UKM50,Aberdeen City and Aberdeenshire,5.4
UKM61,Caithness & Sutherland and Ross & Cromarty,3.9
UKM62,"Inverness & Nairn and Moray, Badenoch & Strathspey",4.9
UKM63,"Lochaber, Skye & Lochalsh, Arran & Cumbrae and Argyll & Bute",5.2
UKM64,Eilean Siar (Western Isles),3.2
UKM65,Orkney Islands,6
UKM66,Shetland Islands,0
UKN01,Belfast,-6.5
UKN02,Outer Belfast,1.2
UKN03,East of Northern Ireland,5.4
UKN04,North of Northern Ireland,-1.2
UKN05,West and South of Northern Ireland,6.2
